{
    "pose1": {
        "x": 0.501042,
        "y": 0.246609,
        "z": 0.049905
    },
    "pose2": {
        "x": 0.32700399999999996,
        "y": -0.256285,
        "z": 0.03959
    },
    "pose3": {
        "x": 0.534307,
        "y": 0.022779,
        "z": 0.07013
    },
    "pose5": {
        "x": 0.2596593767582755,
        "y": -0.07137033718595594,
        "z": 0.08955080093369369
    },
    "pose6": {
        "x": 0.007199505526159222,
        "y": 0.27593574575951113,
        "z": 0.08989984255227873
    },
    "pose7": {
        "x": 0.11255656667003341,
        "y": -0.42916005609699315,
        "z": 0.07587594624064581
    },
    "pose4": {
        "x": 0.25102388002383075,
        "y": -0.3652097531352266,
        "z": 0.07830720789859216
    },
    "\u679c1": {
        "x": 0.32244416035282825,
        "y": 0.2738823381909469,
        "z": 0.1425407917169573
    },
    "\u679c2": {
        "x": 0.4224035685520211,
        "y": 0.26410128242335573,
        "z": 0.14185847533915774
    },
    "\u653e1": {
        "x": 0.03785753104741091,
        "y": -0.31308296605147334,
        "z": 0.16025842482432706
    },
    "\u653e2": {
        "x": 0.16375274178451948,
        "y": -0.2791293961909995,
        "z": 0.14769890150446083
    },
    "\u679c3": {
        "x": 0.5067672846088646,
        "y": 0.24987701340558305,
        "z": 0.1291403948108104
    },
    "\u653e3": {
        "x": 0.25431326044795943,
        "y": -0.2747971793156735,
        "z": 0.1362736407916692
    },
    "r1": {
        "x": 0.20,
        "y": 0.20,
        "z": 0.10
    },
    "r2": {
        "x": 0.20,
        "y": -0.20,
        "z": 0.10
    },
    "r3": {
        "x": 0.30,
        "y": 0.00,
        "z": 0.10
    },
    "r4": {
        "x": 0.23,
        "y": -0.19,
        "z": 0.10
    },
    "r5": {
        "x": 0.0960,
        "y": 0.060,
        "z": 0.10
    }
}