{
    "pose1": {
        "x": 0.501042,
        "y": 0.246609,
        "z": 0.049905,
        "qx": 0.12185194680680378,
        "qy": -0.7256210488103221,
        "qz": -0.12505568981132548,
        "qw": -0.6655728893431684
    },
    "pose2": {
        "x": 0.32700399999999996,
        "y": -0.256285,
        "z": 0.03959,
        "qx": 0.16870791136290536,
        "qy": 0.6916031793914055,
        "qz": -0.1343292474190838,
        "qw": 0.6893318041314269
    },
    "pose3": {
        "x": 0.534307,
        "y": 0.022779,
        "z": 0.07013,
        "qx": 0.005501635405972222,
        "qy": 0.7615834706002862,
        "qz": 0.0038409704231054664,
        "qw": 0.6480320950867261
    },
    "pose5": {
        "x": 0.2596593767582755,
        "y": -0.07137033718595594,
        "z": 0.08955080093369369,
        "qx": 0.007861459454158948,
        "qy": 0.8071784354583844,
        "qz": -0.04201195230283074,
        "qw": 0.5887581563340842
    },
    "pose6": {
        "x": 0.007199505526159222,
        "y": 0.27593574575951113,
        "z": 0.08989984255227873,
        "qx": 0.6271866106644848,
        "qy": -0.5241495399724723,
        "qz": -0.45553154654056294,
        "qw": -0.35269707293399044
    },
    "pose7": {
        "x": 0.11255656667003341,
        "y": -0.42916005609699315,
        "z": 0.07587594624064581,
        "qx": 0.5205231950821254,
        "qy": 0.5889702529013789,
        "qz": -0.3970718136298078,
        "qw": 0.47381812903213855
    },
    "pose4": {
        "x": 0.25102388002383075,
        "y": -0.3652097531352266,
        "z": 0.07830720789859216,
        "qx": 0.28743197742857635,
        "qy": 0.6938105418352455,
        "qz": -0.27114766348049835,
        "qw": 0.6020703737760628
    },
    "\u679c1": {
        "x": 0.32244416035282825,
        "y": 0.2738823381909469,
        "z": 0.1425407917169573,
        "qx": -0.3292696806917538,
        "qy": 0.9382048775270533,
        "qz": 0.06226871514265597,
        "qw": 0.0864620857722064
    },
    "\u679c2": {
        "x": 0.4224035685520211,
        "y": 0.26410128242335573,
        "z": 0.14185847533915774,
        "qx": -0.21992044559517543,
        "qy": 0.9571620700231346,
        "qz": 0.07026090393142065,
        "qw": 0.17475461280603435
    },
    "\u653e1": {
        "x": 0.03785753104741091,
        "y": -0.31308296605147334,
        "z": 0.16025842482432706,
        "qx": 0.6278756620652349,
        "qy": 0.7753946698402227,
        "qz": -0.03287425354118073,
        "qw": 0.058775355580594026
    },
    "\u653e2": {
        "x": 0.16375274178451948,
        "y": -0.2791293961909995,
        "z": 0.14769890150446083,
        "qx": 0.5056246307145813,
        "qy": 0.8407607889487354,
        "qz": -0.12226529670982068,
        "qw": 0.15005407625753772
    },
    "\u679c3": {
        "x": 0.5067672846088646,
        "y": 0.24987701340558305,
        "z": 0.1291403948108104,
        "qx": -0.19187995995890847,
        "qy": 0.9143311754771429,
        "qz": 0.08865863810222309,
        "qw": 0.34542760226509506
    },
    "\u653e3": {
        "x": 0.25431326044795943,
        "y": -0.2747971793156735,
        "z": 0.1362736407916692,
        "qx": 0.38548208580402116,
        "qy": 0.8689201915060698,
        "qz": -0.13285651008036384,
        "qw": 0.28058939760173107
    }
}